RowID,IssueNumber,IssueURL
AS1,127,https://github.com/Taegost/taegosts-skills/issues/127
AS3,126,https://github.com/Taegost/taegosts-skills/issues/126
AS4,126,https://github.com/Taegost/taegosts-skills/issues/126
AS5,128,https://github.com/Taegost/taegosts-skills/issues/128
AS6,129,https://github.com/Taegost/taegosts-skills/issues/129
AS10,130,https://github.com/Taegost/taegosts-skills/issues/130
AS14,126,https://github.com/Taegost/taegosts-skills/issues/126
BK4,131,https://github.com/Taegost/taegosts-skills/issues/131
BR1,132,https://github.com/Taegost/taegosts-skills/issues/132
BR3,132,https://github.com/Taegost/taegosts-skills/issues/132
BR5,133,https://github.com/Taegost/taegosts-skills/issues/133
CC2,134,https://github.com/Taegost/taegosts-skills/issues/134
CC7,135,https://github.com/Taegost/taegosts-skills/issues/135
CE1,136,https://github.com/Taegost/taegosts-skills/issues/136
CG1,137,https://github.com/Taegost/taegosts-skills/issues/137
CO1,136,https://github.com/Taegost/taegosts-skills/issues/136
CO2,138,https://github.com/Taegost/taegosts-skills/issues/138
CO3,139,https://github.com/Taegost/taegosts-skills/issues/139
CO4,140,https://github.com/Taegost/taegosts-skills/issues/140
CR17,141,https://github.com/Taegost/taegosts-skills/issues/141
CW1,142,https://github.com/Taegost/taegosts-skills/issues/142
CW2,142,https://github.com/Taegost/taegosts-skills/issues/142
CW3,142,https://github.com/Taegost/taegosts-skills/issues/142
CW4,142,https://github.com/Taegost/taegosts-skills/issues/142
CW5,142,https://github.com/Taegost/taegosts-skills/issues/142
CW6,142,https://github.com/Taegost/taegosts-skills/issues/142
CW7,142,https://github.com/Taegost/taegosts-skills/issues/142
CW8,142,https://github.com/Taegost/taegosts-skills/issues/142
CW9,142,https://github.com/Taegost/taegosts-skills/issues/142
CW10,142,https://github.com/Taegost/taegosts-skills/issues/142
CW11,142,https://github.com/Taegost/taegosts-skills/issues/142
CW12,142,https://github.com/Taegost/taegosts-skills/issues/142
CW13,142,https://github.com/Taegost/taegosts-skills/issues/142
CW14,142,https://github.com/Taegost/taegosts-skills/issues/142
CW15,142,https://github.com/Taegost/taegosts-skills/issues/142
CW16,142,https://github.com/Taegost/taegosts-skills/issues/142
DV2,143,https://github.com/Taegost/taegosts-skills/issues/143
DV3,143,https://github.com/Taegost/taegosts-skills/issues/143
DV4,143,https://github.com/Taegost/taegosts-skills/issues/143
DV5,143,https://github.com/Taegost/taegosts-skills/issues/143
DV6,143,https://github.com/Taegost/taegosts-skills/issues/143
DW1,144,https://github.com/Taegost/taegosts-skills/issues/144
IS1,145,https://github.com/Taegost/taegosts-skills/issues/145
IS3,146,https://github.com/Taegost/taegosts-skills/issues/146
IS4,147,https://github.com/Taegost/taegosts-skills/issues/147
IS5,148,https://github.com/Taegost/taegosts-skills/issues/148
IS7,149,https://github.com/Taegost/taegosts-skills/issues/149
IS9,150,https://github.com/Taegost/taegosts-skills/issues/150
IS12,151,https://github.com/Taegost/taegosts-skills/issues/151
IS19,151,https://github.com/Taegost/taegosts-skills/issues/151
IS21,152,https://github.com/Taegost/taegosts-skills/issues/152
