ID,Surface,Location,Claim,Evidence,Trust,Disposition,Decision,Note
LP1,load-plan/SKILL.md,SKILL.md:128,"Verdict: drifted — error table row ""No remote"" is unreachable: no pipeline step errors on missing remote; gh step is silent (2>/dev/null per SKILL.md:76) and script never checks remotes",scripts/locate-plan.py uses only git symbolic-ref and local docs/plans; no remote check in file,model-only,deferred-issue-#157,defer,
LP2,load-plan/SKILL.md,SKILL.md:100-102,"Verdict: drifted — ""If the script returns a path"" implies plain-path output; script actually prints JSON only ({path,error} or {status:ambiguous,candidates}); JSON contract never documented","Ran script: output is {""path"": ""..."", ""error"": """"}; locate-plan.py:133-198 all outputs json.dumps",model-only,deferred-issue-#158,defer,
LP3,load-plan/SKILL.md,SKILL.md:2-5,Frontmatter name load-plan matches dir; description's three sources (branch PR explicit) match body L28-32; user_invocable true matches ts-pr-review and ts-verify-implementation convention,head SKILL.md vs skills/load-plan dir listing,user-confirmed,ratified-keep,keep,
LP4,load-plan/SKILL.md,SKILL.md:17-24,Usage forms `/load-plan [plan:]` and `/load-plan --non-interactive` are the forms consumers actually use,ts-verify-implementation SKILL.md:47 uses plan:$ARGUMENTS; ts-pr-fix-findings SKILL.md:44 uses --non-interactive,user-confirmed,ratified-keep,keep,
LP5,load-plan/SKILL.md,"SKILL.md:23,66-70",Explicit path takes precedence over all discovery; implemented as Step 1 and as script positional-arg branch,scripts/locate-plan.py:126-137 validates explicit path before discovery,user-confirmed,ratified-keep,keep,
LP6,load-plan/SKILL.md,"SKILL.md:31,72-83","PR body scanning is priority 2 via gh pr view; JSON field names body,url,headRefName are real gh fields; silent skip with 2>/dev/null",SKILL.md:76 command; gh pr view --json accepts body url headRefName,model-only,deferred-issue-#159,defer,"Keep the rule, but open an Issue for us to track the logic to ensure there aren't any issues if we aren't using a PR"
LP7,load-plan/SKILL.md,"SKILL.md:32,84-102",Branch extraction calls locate-plan.py to keyword-match docs/plans,scripts/locate-plan.py:49-117 extract_keywords_from_branch and find_plan_by_keywords; script exists,user-confirmed,ratified-keep,keep,
LP8,load-plan/SKILL.md,"SKILL.md:44,114-118","Multiple matches: interactive asks user to choose, non-interactive errors with candidates",Ran scripts/locate-plan.py on this branch: JSON status ambiguous with 3 candidates exit 0,user-confirmed,ratified-keep,keep,
LP9,load-plan/SKILL.md,SKILL.md:56,Consumers in agent mode MUST use --non-interactive; at least one consumer conforms,ts-pr-fix-findings SKILL.md:44 invokes with --non-interactive,user-confirmed,ratified-keep,keep,
LP10,load-plan/SKILL.md,SKILL.md:88-97,CLAUDE_PLUGIN_ROOT substitution paragraph and dual-path resolution snippet with visible-failure fallback,Fallback arithmetic skills/load-plan/../../scripts/locate-plan.py resolves; identical convention at ts-pr-review SKILL.md:71 and ts-doc-review SKILL.md:136,user-confirmed,ratified-keep,keep,
LP11,load-plan/SKILL.md,SKILL.md:124-127,"Error table rows No plan found, Multiple matches, File unreadable, Detached HEAD all reachable",Ran script on missing path: JSON error exit 1; locate-plan.py:153-159 detached-HEAD error exit 1,user-confirmed,ratified-keep,keep,
LP12,load-plan/SKILL.md,SKILL.md:135,Example plan path docs/plans/2026-09-08-002-feat-review-pipeline-token-reduction-plan.md exists,ls docs/plans/ shows the file,model-only,fixed-in-U5,rewrite,"Keep the rule, but add a note to that section that this is just an example path and may not actually exist (I will eventually be deleting old plans)"
LP13,load-plan/SKILL.md,SKILL.md:150-152,Dependency ${CLAUDE_PLUGIN_ROOT}/scripts/locate-plan.py exists at plugin-root-relative path (plugin source ./),scripts/locate-plan.py present; indexed in scripts/INDEX.md:36,user-confirmed,ratified-keep,keep,
LP14,load-plan/SKILL.md,SKILL.md:2-5,"Verdict: drifted — frontmatter defines two argument forms (plan:, --non-interactive) but lacks argument-hint; 10 of 16 sibling skills that take arguments declare it","grep frontmatter across skills/: ts-plan, ts-work, ts-debug etc. have argument-hint; load-plan does not",model-only,fixed-in-U5,rewrite,Add the argument-hint
