ID,Surface,Location,Claim,Evidence,Trust,Disposition,Decision,Note
RT1,docs/ROUTING.md,docs/ROUTING.md:66,Coverage gap: docs/INDEX.md exists (tracked) but is absent from the map; index-standards.md:98 forbids INDEX.md in docs/ root,index-standards.md:96-98: docs/ root is the provenance of ROUTING.md; validator only warns at repo root so docs/INDEX.md passes,model-only,deferred-issue-#tbd,defer,"There should be no `INDEX.md` in `docs/`, the entire purpose of `ROUTING.md` is to be an easily visible outlier to be used as an entrypoint index"
RT2,docs/ROUTING.md,docs/ROUTING.md:46,"Claim: solutions are organized by category — mostly true, 2 exceptions",behavioral-ktd-verification.md and ktd-normalization-policy.md sit at solutions/ top level outside any category dir; both indexed in solutions/INDEX.md,model-only,deferred-issue-#tbd,defer,"These aren't exceptions, they follow the rule properly. We do need to make sure we have a mechanism in place for when docs directly in `docs/solutions/` get put into a category, and a mechanism to enforce that"
RT3,docs/ROUTING.md,docs/ROUTING.md:64,"Inconsistent entry pattern: plans/, brainstorms/, pull_requests/ linked as bare dirs though each has INDEX.md; standards/ and solutions/ link INDEX.md directly",docs/INDEX.md:22-24 links the three dir indexes; ROUTING.md does not,model-only,deferred-issue-#tbd,rewrite,Update (and/or add) entries that link directly to `INDEX.md` for those entries
RT4,docs/ROUTING.md,docs/ROUTING.md:2,Cosmetic: map-of-content tag and Repo Map of Content heading vs conventional Map of Contents,"Nonstandard term, used consistently with docs/INDEX.md so self-coherent",model-only,deferred-issue-#tbd,rewrite,"Drop the word ""Repo"" from ""Map of Content"""
RT5,docs/ROUTING.md,docs/ROUTING.md:10,Verdict: drifted — directive: resolve paths via CLAUDE_PLUGIN_ROOT on marketplace installs. Load-bearing runtime resolution rule,Identical boilerplate in all 5 sibling INDEX files; matches marketplace path-resolution fix in commit cf09c7b (PR 116),model-only,needs-ratification,keep,"ROUTING.md is an index file and is not bound by the path resolution mandate, there is no drift"
RT6,docs/ROUTING.md,docs/ROUTING.md:18,scripts/INDEX.md exists; described as index of repo-level scripts — accurate,test -f OK; target frontmatter says Index of all scripts in scripts/; table lists 30 scripts plus lib/ helpers,model-only,kept-valid,keep,
RT7,docs/ROUTING.md,docs/ROUTING.md:18,Verdict: drifted — directive: read scripts/INDEX.md before any repeatable or ad-hoc task. Load-bearing behavioral rule,Directive text present at L18; no other doc carries this usage rule; target exists and is current,model-only,needs-ratification,keep,"ROUTING.md is an index file and is not bound by the path resolution mandate, there is no drift"
RT8,docs/ROUTING.md,docs/ROUTING.md:22,Claim: each skill scripts dir has its own index — verified true,9 of 16 skills have scripts dirs; 9 of 9 have INDEX.md; zero skills with scripts dir lack one,model-only,kept-valid,keep,
RT9,docs/ROUTING.md,docs/ROUTING.md:26,All nine skill script INDEX paths at L26-34 exist and are the complete set,test -f OK for all 9; no unlisted skill has a scripts dir,model-only,kept-valid,keep,"Create an Issue for us to discuss whether this table should be changed to a link to each skill directory, or if we should add a separate table with a list of all the skill directories"
RT10,docs/ROUTING.md,docs/ROUTING.md:42,standards/INDEX.md exists; described as index of all standards — accurate,Target lists all 7 standards docs present in docs/standards/,model-only,kept-valid,keep,
RT11,docs/ROUTING.md,docs/ROUTING.md:50,solutions/INDEX.md exists; described as index of all solution documents — accurate,Target indexes 2 top-level docs plus 5 category indexes; matches tree exactly,model-only,kept-valid,keep,
RT12,docs/ROUTING.md,docs/ROUTING.md:52,Five solutions category dirs exist; descriptions match contents,All 5 dirs exist; conventions holds agent and dispatch docs; workflow-issues holds resilience docs; etc.,model-only,kept-valid,keep,
RT13,docs/ROUTING.md,docs/ROUTING.md:60,Claim: plans follow dated naming convention with status tracking — verified,4 files match YYYY-MM-DD-NNN-slug-plan.md; plan frontmatter carries status field (status: completed),model-only,kept-valid,keep,
RT14,docs/ROUTING.md,docs/ROUTING.md:64,plans/ dir link exists and holds all plans,dir exists; 4 plan files present,model-only,kept-valid,rewrite,See RT3
RT15,docs/ROUTING.md,docs/ROUTING.md:70,"README described as overview, installation, skill docs — accurate",Header plus Installation section with marketplace config present,model-only,kept-valid,rewrite,"Overall this is ""Keep"", but add ""for end users"" at the end of the sentence"
RT16,docs/ROUTING.md,docs/ROUTING.md:71,STRATEGY described as strategy and goals — accurate,Target has Target problem and Our approach sections,model-only,kept-valid,rewrite,Remove this entry (See SG1)
RT17,docs/ROUTING.md,docs/ROUTING.md:72,CONCEPTS described as shared vocabulary and named processes — accurate,"Target intro: shared domain vocabulary, entities, named processes, status concepts",model-only,kept-valid,keep,
RT18,docs/ROUTING.md,docs/ROUTING.md:73,brainstorms/ described as requirements and idea exploration — accurate,Contains 2026-06-22-import-skills-requirements.md plus INDEX.md,model-only,kept-valid,rewrite,"This is accurate, but move it to the ""Plans"" section"
RT19,docs/ROUTING.md,docs/ROUTING.md:74,pull_requests/ described as PR artifacts and fix plans — accurate,"9 tracked artifacts (fix, remediation, verification for PRs 97, 104, 116, 120, 123)",model-only,kept-valid,keep,
